peak_times,stride_times,swing_times,swing_ang_range,peak_values,freeze_index_all_steps,leg_vector,swing_time_asymmetry,stride_time_CV_arrhythmicity,swing_time_CV,model_freeze_probas,model_freeze_labels,peak_times_ced
541.8493795,1.48428000000001,0.328103999999939,40.8664431680149,187.895102746417,0.7468075709903,0,0.772204609385467,0.0335828527964742,0.0467870611704689,0,0,601.167143
542.5368355,1.4842799999999,0.328104000000053,42.4622072321677,211.406604183975,1.09460629179812,1,0.772204609385467,0.0335828527964742,0.0467870611704689,0,0,601.854599
543.2633515,1.41397200000006,0.328104000000053,47.5217546625708,182.951666212377,1.52556162670378,0,0.772204609385467,0.0335828527964742,0.0467870611704689,0,0,602.581115
543.9039355,1.36710000000005,0.35154,43.194692676844,191.867928281585,1.28831678584435,1,0.772204609385467,0.0335828527964742,0.0467870611704689,0,0,603.221699
544.7085715,1.44521999999995,0.359352000000058,42.585354699719,217.935603328078,2.16325268766301,0,0.772204609385467,0.0335828527964742,0.0467870611704689,0,0,604.026335
545.3022835,1.39834799999994,0.328104000000053,42.3373628833964,205.969719806493,2.72957037304636,1,0.772204609385467,0.0335828527964742,0.0467870611704689,0.187852875144531,0,604.620047
546.0678595,1.35928799999999,0.359351999999944,41.6071022998243,174.235898824779,2.36348363249639,0,3.8027395589187,0.0368836227765378,0.0459916302598939,0.195426972594273,0,605.385623
546.7240675,1.421784,0.328103999999939,39.5718408584517,187.963158766631,5.18636029699169,1,3.80273955892999,0.0252940473361709,0.045991630259945,0.212870093836612,0,606.041831
547.5130795,1.44522000000006,0.335915999999997,35.9028869072445,174.067206260933,3.44284931344872,0,4.54623740767648,0.0273395783084356,0.0393851346423996,0.254357597819779,0,606.830843
548.1536635,1.42959600000006,0.367164000000002,37.8180779407664,169.253898022554,3.72363723505684,1,3.00774552372829,0.0232514309574275,0.052299413697593,0.23084950079815,0,607.471427
549.0442315,1.53115200000002,0.335915999999997,36.5531540446359,162.187809063528,7.09351283406049,0,0.760459938516561,0.0354696175959292,0.0527368002651144,0.251223909624713,0,608.361995
549.7082515,1.55458799999997,0.359351999999944,35.6786616798497,163.338839560877,0.5676859097165,1,2.24728558520095,0.0551004531716618,0.0490796323301571,0.269776454722144,0,609.026015
550.5206995,1.47646799999995,0.343728000000056,35.2934036149662,163.536490752865,1.05846926871303,0,3.77403279826895,0.0400227349230547,0.0360589706649592,0.267068571896476,0,609.838463
551.1534715,1.44522000000006,0.328104000000053,34.9106034401485,180.563954774788,0.23038905854831,1,3.77403279827973,0.0377149688543393,0.0360589706648643,0.270200083884745,0,610.471235
551.8643635,1.34366399999999,0.320291999999995,39.981321055965,155.315041554825,1.1740543236101,0,5.32445145187642,0.0563008542880691,0.0472979230980107,0.218122226036652,0,611.182127
552.5361955,1.38272399999994,0.320291999999995,37.511996435206,190.010132256758,0.198064537492164,1,0.778214044199935,0.0630120378925591,0.0486652364370598,0.24808418467511,0,611.853959
553.2236515,1.35928799999999,0.531215999999972,33.8021469786199,189.55362074984,0.692779644813122,0,17.062551703079,0.0558252809118378,0.175849340196687,0.29057049062858,0,612.541415
553.8564235,1.32022800000004,0.320291999999995,43.3652189231647,215.903944012632,0.161347163253824,1,21.0156355787373,0.0486500099906362,0.152068865905111,0.18275552924069,0,613.174187
554.4813835,1.25773200000003,0.35154,41.6148987406585,206.086015110291,0.705690002088727,0,21.6671036808521,0.0433089292280892,0.148915848527882,0.196765991000284,0,613.799147
555.0985315,1.24210800000003,0.546839999999975,35.4457436932898,208.442720533855,0.20825460105848,1,1.30720815673552,0.0474976814655695,0.307160303676038,0.263807777170604,0,614.416295
555.7234915,1.24210800000003,0.320291999999995,40.5399962072766,180.481763377032,0.985967321620916,0,1.30720815673552,0.0515179699111188,0.307160303676038,0.208929569135112,0,615.041255
556.4421955,1.34366399999999,0.296855999999934,38.8212071503537,205.070117924485,0.236294547141108,1,3.30062964682251,0.0451509254737945,0.319847425601107,0.226429714005473,0,615.759959
557.0515315,1.32803999999999,0.343728000000056,40.5196952204635,184.741632733273,0.662615883852862,0,13.6411855489745,0.0383577164599598,0.201934875981027,0.206654781373283,0,616.369295
557.6218075,1.17961199999991,0.312479999999937,40.6253543691767,206.012166181725,0.338601074716975,1,12.967782330835,0.0509207757310867,0.205699353607978,0.207481408951842,0,616.939571
558.2702035,1.21867199999997,0.28904399999999,35.2564689432,176.133245071691,0.604308203654554,0,19.3191229030683,0.0557808993829337,0.224859039360413,0.270012256750707,0,617.587967
558.8795395,1.25773200000003,0.335915999999997,39.1437515363687,187.043380042966,0.45944932096333,1,0.823049913669693,0.0553508805539038,0.074376571778936,0.225060577188736,0,618.197303
559.6216795,1.35147600000005,0.304667999999992,31.6686356330621,189.738079831727,0.48569930189721,0,0.829880281451573,0.0598294852102214,0.0762670538990772,0.31889457547173,0,618.939443
560.1607075,1.28116799999998,0.296856000000048,32.6505093268136,174.65612241397,0.294730151968007,1,0.829880281463607,0.0487260537357134,0.0762670538989898,0.299774515798022,0,619.478471
560.8012915,1.17961199999991,0.328103999999939,32.802661244543,166.442785340887,0.757935304579147,0,2.51059211311427,0.0574894449326202,0.0631884868338588,0.299673085613291,0,620.119055
561.4262515,1.26554400000009,0.570275999999922,29.8257513350844,165.079585045172,0.500129885436587,1,26.6267977948022,0.0407441612859332,0.216370964975565,0.335235427653496,0,620.744015
562.1137075,1.3124160000001,0.31248000000005,34.5005226730756,156.59666249194,1.55227399759161,0,24.1162056816879,0.0398651549906135,0.203316404299581,0.274825567144404,0,621.431471
562.7699155,1.34366399999999,0.296855999999934,35.2146872855878,191.867129723997,0.568603710727854,1,20.8155760348654,0.0510985127230682,0.222365049326068,0.271024855446811,0,622.087679
563.3714395,1.25773199999992,0.328104000000053,39.902710724992,166.872962501413,1.12027821087079,0,18.3664740340296,0.0426382726141675,0.21739693779772,0.213545377936538,0,622.689203
563.9963995,1.22648399999991,0.312479999999937,38.1842095710304,194.676890001715,0.804508674090125,1,19.6998271209667,0.0500328818414124,0.209220111777303,0.234070747140022,0,623.314163
564.6994795,1.32803999999999,0.320291999999995,38.998681920969,182.149625753467,0.832849094234219,0,20.5095481442229,0.0375387287332304,0.207447082054629,0.222480066047648,0,624.017243
565.3244395,1.3280400000001,0.304667999999992,39.4399192020095,208.169568083796,1.56990581304829,1,5.00104205749133,0.0386884071388253,0.025015634771737,0.217427352658979,0,624.642203
566.0275195,1.3280400000001,0.328104000000053,40.4564266421204,190.235939699486,1.49594488169032,0,6.61398025047978,0.0400398911258348,0.0197487160508431,0.207509337964413,0,625.345283
566.6681035,1.34366399999999,0.312479999999937,36.4684218438078,188.61543977678,1.80918651254332,1,4.91902441910193,0.0400398911258348,0.0142057276318255,0.25090414495327,0,625.985867
567.4727395,1.44521999999995,0.390600000000063,43.6879606507917,184.580956966062,8.0081100623129,0,11.1225635110475,0.0492261315081026,0.0629115416456981,0.181265525328831,0,626.790503
568.1133235,1.44521999999995,0.304667999999992,44.523097157696,225.698084778193,0.735083944274423,1,11.9664503756281,0.0479253509403132,0.0629732155813036,0.173424288088352,0,627.431087
568.7929675,1.32022800000004,0.35154,41.8875267606505,176.327225781012,6.39823454690791,0,14.9296301362654,0.0488388856463142,0.0515886715231798,0.196494042542446,0,628.110731
569.5897915,1.47646799999995,0.335915999999997,42.5174548041095,206.181889332486,1.24241953614851,1,11.5959881095054,0.0500752342023305,0.0698437272778923,0.192937863354438,0,628.907555
570.2928715,1.4999039999999,0.335916000000111,32.8486022099372,178.745191942493,1.25899415294962,0,12.3232640424187,0.0568077487358677,0.0647850288250994,0.305699125857795,0,629.610635
570.9647035,1.37491199999999,0.60152400000004,30.9558161898444,188.562700328725,0.937360674442883,1,14.165051706289,0.050548708891542,0.236177689995773,0.325696838448966,0,630.282467
571.6834075,1.390536,0.24998400000004,32.9422625763737,148.686556358309,1.76470276099265,0,28.1412459438048,0.0504138793782203,0.284486915262477,0.30058660893558,0,631.001171
572.3630515,1.39834800000006,0.335915999999997,35.6812562887754,175.237757340352,1.30419224571548,1,30.6258458024582,0.051023716162651,0.268143335758728,0.266932675517789,0,631.680815
573.1208155,1.437408,0.45309599999996,25.9054478106959,217.398113431206,1.51317602254773,0,20.3401072584929,0.0377863390178336,0.327837109822207,0.392836907313103,0,632.438579
573.5817235,1.21867199999997,0.304667999999992,31.8093183145436,167.074559200555,0.378152312100081,1,17.8555073998395,0.0557199682736892,0.344180689325956,0.313647059734825,0,632.899487
574.2691795,1.14836400000002,0.328103999999939,32.4103878184962,187.802323633473,0.479674363414857,0,18.6102279633944,0.0952226645683204,0.346019608996584,0.321680370090346,0,633.586943
574.7613355,1.17961200000002,0.507779999999912,27.2225107751084,181.376674105869,0.216000455177753,1,10.7630664192338,0.104610197529773,0.291889836591187,0.399546158215048,0,634.079099
575.3706715,1.10149200000001,0.328104000000053,39.8589651958071,147.700642507843,0.358616847432095,0,3.46055291774331,0.120098713293189,0.240437470044048,0.238220848925054,0,634.688435
576.0659395,1.30460399999993,0.28904399999999,36.4417049081428,199.440536606575,0.68105772415152,1,0.706716722314555,0.0999116527055399,0.263755852206199,0.273830550504983,0,635.383703
576.6830875,1.31241599999998,0.343728000000056,40.7735097830531,183.165445585091,1.12281485112574,0,9.67296264584067,0.0725393535178049,0.179707171953427,0.215187011330943,0,636.000851
577.2924235,1.22648400000003,0.28904399999999,41.0437031487482,221.914678069447,1.70862124973003,1,8.24436692109265,0.0721612976863762,0.187982807408701,0.210859441747714,0,636.610187
577.8939475,1.21086000000003,0.304667999999992,36.0268374474313,184.513484159951,1.63047467451215,0,10.6160195828187,0.0691771771584823,0.204650498215649,0.265411650886401,0,637.211711
578.5189075,1.22648400000003,0.281231999999932,39.5131916108759,217.640611391876,3.69605950050444,1,12.7833371510091,0.061656904038408,0.0380722959574126,0.223457440096795,0,637.836671
579.1126195,1.21867199999997,0.320291999999995,40.6925899546834,182.267342656096,2.86182430714189,0,11.9801199812768,0.0406586886693908,0.0383158390037138,0.203941074211145,0,638.430383
579.7141435,1.19523600000002,0.28904399999999,37.5751246216385,202.025016235101,2.48390499825018,1,11.9801199812768,0.0300717789978614,0.0383158390037138,0.232573990319598,0,639.031907
580.3156675,1.20304799999997,0.304667999999992,38.5860461774287,193.265507910133,1.01414596655377,0,7.86431273191943,0.0106435829294255,0.022428007019384,0.214833965233983,0,639.633431
580.9484395,1.23429599999997,0.28904399999999,41.5774428138743,223.697327390188,0.264638433990778,1,7.86431273191943,0.011705778602454,0.022428007019384,0.186194293883682,0,640.266203
581.5733995,1.25773200000003,0.296855999999934,36.2130470424861,192.26742320881,0.562926132243123,0,7.02042586732664,0.0199626195249445,0.0272906518390209,0.244845040839528,0,640.891163
582.1124275,1.16398800000002,0.281232000000045,36.7649232723787,202.463827311069,0.180003681621747,1,7.0204258673134,0.0261867226550382,0.0272906518389053,0.239339229086361,0,641.430191
582.7295755,1.15617600000007,0.28904399999999,33.9134533807547,187.179246997295,0.611166598757487,0,3.57180826019562,0.0357831479547311,0.0210308529530114,0.276241371679352,0,642.047339
583.2764155,1.16398800000002,0.320292000000109,36.2712583609321,184.576256673889,0.866712449261547,1,2.55240273361356e-11,0.0381716793274259,0.0479704119877677,0.249052147320924,0,642.594179
583.9951195,1.26554399999998,0.320291999999995,32.1426999803627,180.778107675293,1.74094950029091,0,1.73917427116183,0.0419660132647795,0.0617306120716268,0.303206864756083,0,643.312883
584.5263355,1.24991999999997,0.562463999999977,29.5801551090858,176.685368510523,1.8422333787508,1,25.0356114839297,0.0456731433832553,0.223248329401957,0.340424712835769,0,643.844099
585.2059795,1.21086000000003,0.281231999999932,32.7644980038214,157.130053635128,5.40096225630135,0,26.774785755117,0.0433803819333749,0.231142751832148,0.296292128058474,0,644.523743
585.8465635,1.32022800000004,0.281231999999932,33.1022643746561,184.254210512336,3.06148589068473,1,26.7747857551072,0.0540136560426898,0.231142751832218,0.298598666400174,0,645.164327
586.4324635,1.22648399999991,0.31248000000005,32.4605957409235,184.934871135788,0.95733460123379,0,24.1772371147743,0.0428429832721243,0.230250123184792,0.300116076012035,0,645.750227
587.0105515,1.1639879999999,0.484343999999965,31.4062804420504,205.422023597827,3.08341973816796,1,37.3624502252435,0.0428429832721488,0.197888828188998,0.313508450326864,0,646.328315
587.5808275,1.14836400000002,0.281232000000045,34.7227749354386,158.215687832561,0.819770815543255,0,41.729956575504,0.0487255031106096,0.194898418292176,0.273703822066916,0,646.898591
588.2448475,1.23429600000009,0.296856000000048,34.8179070405694,187.600324022539,1.92606861160316,1,19.4156014440873,0.048857574584899,0.190506937634661,0.272854613235571,0,647.562611
588.9557395,1.37491199999999,0.328104000000053,35.4914509371525,189.439744439759,0.711512087048237,0,14.1970261270173,0.077599206926535,0.198412846173402,0.278558333595751,0,648.273503
589.5260155,1.28116799999998,0.281232000000045,32.7871264682254,184.665413027979,0.550470543257003,1,14.197026127028,0.0700781832818742,0.198412846173333,0.308032561375494,0,648.843779
590.1978475,1.24210800000003,0.624960000000101,8.55158653077278,155.767009749092,0.631296120959261,0,14.9940147291022,0.0693915545500602,0.386103157259252,0.662925425779926,0,649.515611
590.8228075,1.29679199999998,0.632772000000045,30.6164787380304,206.75808913957,0.672673159559056,1,1.91699161077671,0.0581446228848626,0.472555568856031,0.331293436457211,0,650.140571
591.6352555,1.437408,0.507779999999912,18.8237158877585,126.153475742125,1.14222541238231,0,18.768349993527,0.0496963910192905,0.39955796913388,0.505968996925701,0,650.953019
592.2289675,1.40616,0.41403600000001,9.8751410365568,140.305182978221,1.01482208276304,1,9.53101798042938,0.0625398459942472,0.354024886458018,0.644433117413588,0,651.546731
592.7211235,1.085868,0.47653200000002,21.3784765214316,152.111070722864,2.25410154853806,0,19.2077731739264,0.0958052565979505,0.273433580088323,0.481994845893619,0,652.038887
593.2835875,1.05462,0.242171999999982,26.7357871696875,170.387750107258,3.46332460391643,1,22.1930694888991,0.141980580811696,0.300754321078431,0.423207649852318,0,652.601351
593.8694875,1.14836400000002,0.265608000000043,26.8910440103076,155.85418160754,4.48212387776126,0,3.07716586668033,0.148433810830451,0.385900527213184,0.42481230018476,0,653.187251
594.3928915,1.10930399999995,0.421848000000068,23.4590808643262,198.87426281363,25.9020022435373,1,14.7920130076546,0.156095981723512,0.29938734620034,0.480879219032192,0,653.710655
594.9006715,1.03118399999994,0.382788000000005,8.1491434529965,153.270690284917,0.565897444808428,0,4.25596144188003,0.106411881551573,0.282218402601817,0.679951617135069,0,654.218435
595.3381435,0.945252000000096,0.453096000000073,16.1754999612898,133.179667807415,29.6981701643393,1,0.696866931604312,0.0672328369172297,0.293763656135143,0.542688413485968,0,654.655907
595.7053075,0.804636000000073,0.406224000000066,9.01003586163906,131.11841255959,0.276898340112965,0,5.75698518214808,0.12813201191635,0.260001276481586,0.673518463834312,0,655.023071
596.2521475,0.914003999999977,0.335915999999997,5.75686967531509,55.6412615352658,39.333800690224,1,13.8150338480824,0.140841498050624,0.182320579623666,0.723654546088268,1,655.569911
596.9239795,0.671831999999995,0.257796000000099,11.2324241679134,129.21064792805,57.6357734476601,1,7.18257345711836,0.186406880693281,0.141047929731284,0.666869449069737,1,656.241743
597.3692635,1.66395599999998,0.281231999999932,27.9569528815415,114.79901274643,0.252499754725931,0,2.21411258770542,0.279578315395171,0.233974469128036,0.486475357115089,1,656.687027
597.8145475,0.89056800000003,0.429660000000013,14.8020278815296,144.390877906216,0.0437508732551469,1,7.12630200216175,0.318870411358755,0.25025799099987,0.682288201453941,1,657.132311
598.3613875,0.99212399999999,0.281232000000045,37.2298279010931,148.900955213467,0.202199445709072,0,5.49157575961765,0.276746847903759,0.237872783176709,0.333651202465444,1,657.679151
598.9629115,1.1483639999999,0.28904399999999,38.0330713831118,206.432165094254,0.00944319719767497,1,15.4150679827374,0.28635611003174,0.114186464840878,0.330915267704098,1,658.280675
599.6347435,1.27335599999992,0.320291999999995,35.4863044401399,201.147925267209,0.00508563513795451,0,10.0925918590096,0.26078767355969,0.178946874781981,0.356775202038113,1,658.952507
600.1815835,1.21867200000008,0.24998400000004,33.9234255596093,212.037205334641,0.00365605472371159,1,9.28937468927722,0.20834014452402,0.184652347741917,0.35313626892563,1,659.499347
600.7362355,1.10149200000001,0.24998400000004,26.1347803386923,172.294113077495,NaN,0,12.8933683375843,0.14270290816397,0.208386535290856,0.433001771559738,1,660.053999
601.3690075,1.18742399999996,0.257795999999985,32.780470733379,198.738017433586,NaN,1,6.63750689449485,0.0780241624182312,0.100962003196622,0.309222353688494,1,660.686771
601.9002235,1.16398800000002,0.601523999999927,11.4563194723294,163.117308040021,NaN,0,38.5662480811934,0.0517382702001794,0.27702572551137,0.613395842056,1,661.217987
602.3376955,0.968688000000043,0.507780000000025,9.59306700029764,79.7479373016229,NaN,1,14.3100843640591,0.0974128747790797,0.454700821461919,0.655576285161535,1,661.655459
602.8767235,0.976499999999987,0.265607999999929,14.7709505479823,94.7200478125784,NaN,0,9.53101798041824,0.104709667393466,0.483258937251718,0.584029575118132,1,662.194487
603.3766915,1.038996,0.51559199999997,11.9615606600348,96.7705353158932,NaN,1,13.7021797564368,0.0965942982798976,0.438357541411181,0.623088465299285,1,662.694455
603.9235315,1.04680800000006,0.47653200000002,10.5795427196509,84.2739777550745,NaN,0,4.76280489891783,0.096999730950657,0.361215799633833,0.642571382699309,1,663.241295
604.3453795,0.968687999999929,0.515592000000083,8.3091145996838,77.1642449568798,NaN,1,13.5709251924679,0.0650321299622829,0.193930060047715,0.658478432242626,1,663.663143
604.8297235,0.906192000000033,0.187487999999917,10.3540122682703,85.7935852095392,NaN,0,50.4080235626654,0.0564572930027904,0.245654508711163,0.626808940499947,1,664.147487
605.2203235,0.874944000000028,0.203111999999919,5.96994040802543,61.3632982059403,NaN,1,28.3471539915559,0.0788278607839499,0.460505378338674,0.695115704277762,1,664.538087
605.6109235,0.781199999999899,0.492155999999909,5.27141093294616,85.9083663443025,NaN,0,6.53827592629624,0.115727008339262,0.441835672937753,0.716443535469665,1,664.928687
605.9546515,0.734328000000005,0.437471999999957,4.71136055371313,51.0081566826995,NaN,1,9.82547376793312e-12,0.14153400605776,0.433568397378881,0.732530106957728,1,665.272415
606.3140035,0.70308,0.320291999999995,28.1386335102052,91.1823347900651,NaN,0,14.5182009844642,0.132923471485813,0.440120433609161,0.389515935992791,1,665.631767
608.2201315,2.26548000000003,0.460908000000018,18.4464667648657,141.918087722191,NaN,1,9.67296264586342,0.391926639834522,0.423271490553153,0.693713721727176,1,667.537895
608.7513475,2.43734400000005,0.265608000000043,37.1892084145709,133.03319260474,NaN,0,2.15062052209163,0.702293628136269,0.358617088078382,0.576858614894483,1,668.069111
609.3919315,1.17179999999996,0.304667999999992,38.6502030558165,197.413583614365,NaN,1,10.9698917256446,0.658238285872179,0.269542795567561,0.503813609308106,1,668.709695
610.1028235,1.35147600000005,0.523404000000028,32.3372826861533,210.005536069922,NaN,0,8.11255448122819,0.576202685660735,0.288729685072934,0.562794092291455,1,669.420587
610.6340395,1.24210800000003,0.296856000000048,39.5099804742195,208.840328431582,NaN,1,4.31721718652133,0.488847744947073,0.314330285325104,0.406702966573613,1,669.951803
611.3293075,1.22648399999991,0.281232000000045,36.1962035640806,178.712498587656,NaN,0,0.73260400921268,0.395402278490063,0.333236429514306,0.409408088666519,1,670.647071
611.8917715,1.25773200000003,0.28904399999999,33.7153663950876,179.581954860968,NaN,1,18.3782477433704,0.217874955713751,0.215737297457654,0.361991921582868,1,671.209535
612.5636035,1.23429600000009,0.28904399999999,38.0654127853651,193.983751396039,NaN,0,20.5443974214833,0.0462502769572406,0.201903755618609,0.234177051420027,0,671.881367
613.1104435,1.21867199999997,0.296855999999934,37.4378492509406,204.498851161952,NaN,1,21.4254603897053,0.0354803542165435,0.196409802508177,0.236968031110032,0,672.428207
613.7822755,1.21867199999997,0.31248000000005,38.7682369835813,193.968410808933,NaN,0,1.28896893158989e-11,0.0111152117322101,0.0352966761326173,0.212959136446665,0,673.100039
614.3134915,1.20304799999997,0.296856000000048,37.431308892219,205.118464748296,NaN,1,1.28896893158989e-11,0.0146673607499238,0.0352966761326173,0.228079323369065,0,673.631255
614.9462635,1.16398800000002,0.273419999999987,36.0851977027398,192.532760383073,NaN,0,0.888894741718275,0.0267930651697459,0.04136855964107,0.246919712407208,0,674.264027
615.5790355,1.26554399999998,0.296856000000048,39.9798731458232,210.394409544414,NaN,1,1.76995770994031,0.0285413457583529,0.0337046180147681,0.207287158640973,0,674.896799
616.1805595,1.23429599999997,0.320291999999995,36.7039311633807,203.946189178997,NaN,0,1.73917427118715,0.0285413457583351,0.041567460176829,0.241805922707244,0,675.498323
616.6961515,1.11711600000001,0.499968000000081,29.5192480387316,207.846751038295,NaN,1,18.8052231503065,0.0464849015020532,0.202400749450971,0.338443461511326,0,676.013915
617.3211115,1.14055199999996,0.304667999999992,34.4091439403468,171.51247150522,NaN,0,19.6710294246244,0.0518532850256289,0.200681773578224,0.277357755354567,0,676.638875
617.9304475,1.23429599999997,0.492156000000023,32.8343629290456,212.832550193573,NaN,1,36.1013345537476,0.0531301602853189,0.173765937600834,0.300587203112432,0,677.248211
618.5475955,1.22648400000003,0.281231999999932,32.3732241020411,170.603348330265,NaN,0,35.2355282794423,0.0541162010002266,0.166459843104122,0.306799548662042,0,677.865359
619.1334955,1.20304800000008,0.523404000000028,31.2986750071519,195.113164751365,NaN,1,51.4267967957139,0.0472718314796677,0.048637745473227,0.318584219181971,0,678.451259
619.7818915,1.23429599999997,0.265608000000043,32.2411793392973,176.179075947776,NaN,0,57.651027683431,0.0472718314796677,0.0507276237176353,0.307150838404341,0,679.099655
620.3365435,1.20304799999997,0.273419999999987,33.1436250591851,181.824915292436,NaN,1,41.4597591671505,0.0290985364871804,0.193137684180441,0.286242314850091,0,679.654307
620.9458795,1.16398800000002,0.296856000000048,32.837738722266,189.821750641757,NaN,0,42.3814246776363,0.0233805140510726,0.186283193906554,0.287023727349574,0,680.263643
621.4536595,1.11711600000001,0.468719999999962,29.4947031266969,193.930251718007,NaN,1,40.546510810812,0.0370693904220134,0.183542628159841,0.3359583567231,0,680.771423
622.0395595,1.09368000000006,0.281231999999932,33.6517404983884,170.955846900405,NaN,0,40.546510810812,0.051323913105873,0.183542628159841,0.286958167981807,0,681.357323
622.6020235,1.14836400000002,0.476531999999906,30.1134187475167,189.629540780962,NaN,1,36.7724780125172,0.0490113570211397,0.169421237995608,0.333290103528999,0,681.919787
623.2113595,1.17179999999996,0.265607999999929,26.3546073824945,182.735503150368,NaN,0,36.7724780125307,0.0376285929190537,0.169421237995713,0.381509643282639,0,682.529123
623.7660115,1.16398800000002,0.468720000000076,30.4516010008338,217.119238593272,NaN,1,51.6365804141675,0.0292572471887859,0.0325624485169582,0.321168732481582,0,683.083775
624.2816035,1.070244,0.499967999999967,22.4259971071143,152.5664963411,NaN,0,30.0657231315039,0.034350352681904,0.192542068133299,0.435444641602434,0,683.599367
624.8128195,1.04680799999994,0.468720000000076,23.2783618139627,191.264091575721,NaN,1,30.065723131512,0.0523228272144703,0.192542068133264,0.431013553125557,0,684.130583
625.3674715,1.085868,0.554652000000033,7.86025673488583,163.181711046526,NaN,0,6.8598316342847,0.0530590308655122,0.17924056408591,0.661204958926823,0,684.685235
625.9299355,1.11711600000001,0.60152400000004,29.903130166239,199.06116430288,NaN,1,15.3305013815093,0.0512318113918061,0.249189050018597,0.335094052796725,0,685.247699
626.4377155,1.070244,0.531215999999972,26.2183286260448,136.802590269649,NaN,0,3.00022503036565,0.0307777516891057,0.100683042762525,0.375595535048433,0,685.755479
627.0079915,1.07805600000006,0.429660000000013,15.0156304438882,185.733702228181,NaN,1,5.57106070139023,0.0204923207037394,0.116048031361663,0.540227473824659,0,686.325755
627.6017035,1.16398800000002,0.382788000000005,7.72916736072409,164.213153667285,NaN,0,2.10534091979113,0.0389894360495524,0.185287135527105,0.657902195127595,0,686.919467
628.0391755,1.03118399999994,0.273419999999987,13.2749747512318,138.308518447238,NaN,1,11.844815041317,0.0426942258264559,0.283883017281282,0.577125861335546,0,687.356939
628.4453995,0.843696000000023,0.51559199999997,23.672174381612,112.45368919133,NaN,0,9.14923404245977,0.100254103944495,0.274270309884945,0.442843679181811,0,687.763163
628.9922395,0.95306400000004,0.273419999999987,30.0640870324057,178.999017594184,NaN,1,38.1172415539096,0.111180299791672,0.22414034746544,0.358556422897835,0,688.310003
629.6093875,1.1639879999999,0.24998400000004,28.4873771801181,158.968416444702,NaN,0,16.2118849476461,0.118385246083818,0.312033452360588,0.387710268547441,0,688.927151
630.1796635,1.18742399999996,0.468720000000076,25.7927704083432,204.739606233495,NaN,1,12.2898136323117,0.143891428645147,0.340012734636743,0.44069446256317,0,689.497427
630.7577515,1.14836400000002,0.335915999999997,30.1461409917676,177.668843868399,NaN,0,8.1225439922543,0.142261099127235,0.351110916806084,0.374190931319763,0,690.075515
631.2577195,1.07805600000006,0.249983999999927,29.8808447716908,180.930067285925,NaN,1,10.4572803919594,0.140477526447639,0.366140051146554,0.375794669526275,0,690.575483
631.8748675,1.11711600000001,0.335915999999997,36.5047667716464,140.624220374562,NaN,0,7.3502461992878,0.0650907575973114,0.262303662930835,0.256271240305494,0,691.192631
632.5388875,1.28116799999998,0.28904399999999,37.1271058000104,200.688834619311,NaN,1,8.91277798959615,0.0534325485154562,0.254372862209576,0.247556955089516,0,691.856651
633.1482235,1.27335600000004,0.367164000000002,36.6139684034499,166.775471586243,NaN,0,3.05367238600868,0.0780369432291798,0.199687557306452,0.262586862614535,0,692.465987
633.8122435,1.27335599999992,0.320291999999995,40.4550138752953,201.552999957321,NaN,1,18.9868762429438,0.0825621600538387,0.0875356461622948,0.221869234716722,0,693.130007
634.4840755,1.33585199999993,0.273420000000101,30.1844067554144,157.644875925171,NaN,0,12.7833371510091,0.0928719425633639,0.134810980475946,0.354747221271174,0,693.801839
635.1402835,1.3280400000001,0.468720000000076,28.7851648110077,197.753132592517,NaN,1,9.89399478548562,0.0567792211735228,0.206888664678441,0.357279863356879,0,694.458047
635.7339955,1.24992000000009,0.257795999999985,28.419155283328,172.942054294234,NaN,0,18.2321556793912,0.0286922880072759,0.232331076964425,0.348286248918654,0,695.051759
636.2808355,1.14055199999996,0.445283999999901,22.151973292673,182.766793725182,NaN,1,31.7662904663596,0.055916244134019,0.195735480658647,0.452172320058119,0,695.598599
636.8042395,1.070244,0.421847999999954,10.1803903428336,164.556358310245,NaN,0,25.8573988293645,0.0942572271349961,0.239474633078904,0.648857757440707,0,696.122003
637.1479675,0.86713199999997,0.35154,6.67060566688701,65.7192637625887,NaN,1,28.3575290499067,0.159835508767107,0.215995867799474,0.720128767081975,1,696.465731
637.4916955,0.687455999999997,0.234360000000038,4.74022864335875,120.33063949396,NaN,0,32.5422400434635,0.2475042688487,0.241143051340924,0.773234241310291,1,696.809459
637.8744835,0.726516000000061,0.554651999999919,12.4839468332438,115.123930421221,NaN,1,39.1117659699915,0.258778107752522,0.280477828129544,0.685456813063533,1,697.192247
638.3822635,0.890567999999917,0.281231999999932,26.0090069590451,87.7998838380318,NaN,0,36.5799851715681,0.223977236313089,0.268952818722574,0.472752432466921,1,697.700027
638.9056675,1.03118399999994,0.47653200000002,18.1882076180359,139.409696883994,NaN,1,38.865798979182,0.195614165494557,0.267267975795519,0.581264735375572,1,698.223431
639.4759435,1.09368000000006,0.312479999999937,38.3371196546686,141.213659952178,NaN,0,51.2710638461831,0.201174468504745,0.182367878998436,0.291039449086366,0,698.793707
640.0774675,1.17180000000008,0.28904399999999,36.6524128290641,189.018135054056,NaN,1,46.6459620811066,0.230585505993978,0.226317662891592,0.327167508748448,0,699.395231
640.7336755,1.25773200000003,0.335915999999997,41.383789325637,191.198467742662,NaN,0,35.0775221811635,0.201650241823654,0.199360262471886,0.256101958131334,0,700.051439
641.3430115,1.26554399999998,0.304668000000106,40.4532643148304,209.121714250909,NaN,1,14.0857432716848,0.136112218381915,0.190070258257251,0.240859036032962,0,700.660775
641.9914075,1.25773199999992,0.460908000000018,21.1753467237548,191.241436461698,NaN,0,3.58461317729839,0.0903771859140118,0.253701069218704,0.485182741263206,0,701.309171
642.5851195,1.24210799999992,0.22654799999998,27.1635809456744,192.371306531917,NaN,1,30.1866707443602,0.0592533197383832,0.183491158306518,0.381227180903613,0,701.902883
643.0694635,1.07805600000006,0.117179999999962,8.72725983476866,170.560899875546,NaN,0,10.8213584640115,0.0631897988464948,0.361119272183009,0.653942615702094,0,702.387227
643.6241155,1.038996,0.210923999999977,21.6949424153695,184.494042710012,NaN,1,20.8297043197105,0.0959923438187324,0.387038490854829,0.476265079041029,0,702.941879
643.9678435,0.898379999999975,0.218735999999922,6.31750014070892,126.429468769968,NaN,0,7.10959216835216,0.136024406962853,0.433943129610838,0.714005776740914,1,703.285607
644.3115715,0.687455999999997,0.171863999999914,14.9109623095163,148.783693076662,NaN,1,26.8263986594767,0.225127583633813,0.401768540865346,0.635048150128971,1,703.629335
644.6084275,0.64058399999999,0.242171999999982,32.7442661608215,124.497668265068,NaN,0,5.26437334854421,0.267831934679887,0.241734157260365,0.385377583726543,1,703.926191
644.9130955,0.60152400000004,0.203112000000033,19.8177051386348,149.126708226643,NaN,1,1.34230203322429,0.275385394523501,0.225311658953525,0.583886754238087,1,704.230859
645.4989955,0.89056800000003,0.257795999999985,27.5936081740757,201.371769049513,NaN,0,20.4300463512705,0.239880882010998,0.0939467351088341,0.455357127346557,1,704.816759
645.9442795,1.03118400000005,0.195299999999975,25.3766022462915,221.054556769315,NaN,1,23.1329135900632,0.237519355814929,0.083805667780713,0.491599899448659,1,705.262043
646.9442155,0.999935999999934,0.304668000000106,38.5710164841438,209.670516243737,NaN,1,13.3531392624425,0.246445181859047,0.156520774896016,0,0,706.261979
